INSERT INTO migrations.accounts(role_id, username, email, password_digest, first_name, last_name, birth_date)
VALUES(4, 'administrator', 'administrator@gmail.com', '$2a$10$jMsEcZZok.5y2rvLoA7Pde3xAE3IvLNfuwQeZGRG6p.4yc3pH/eKG', 'Calin-George',
        'Pop', '2001-06-05'),
      (4, 'administrator2', 'administrator2@gmail.com', '$2a$10$EgKbOh3PkuaqGB7RpRzDZe/l2X3BabOHUH42XgOG.vLM6oVNU/vES', 'Alexandru-Nicolae',
        'Nedelcu', '2001-07-03'),
      (1, 'calinp', 'calinp@gmail.com', '$2a$10$cFzmB0x9KLN3HFeQucKeYO2WCNkXzkY5pUnzi5D7cMBQ/34CrE7dC', 'Pop', 'Calin', '2001-05-06'),
      (1, 'anedelcu', 'anedelcu@gmail.com', '$2a$10$KxizzOu23iS/B9eb4KKG3eEBS5EViA1xEjxkSwl5Ezc7PjijA9HsS', 'Alexandru', 'Nedelcu', '2001-02-04'),
      (1, 'aploscar', 'aploscar@gmail.com', '$2a$10$vATRaV9TeXmysAp2HTFZK.Xb5cUBbU6lrjMMOnQViUjooO4Y0yW6y', 'Andreea', 'Ploscar', '2001-12-13'),
      (1, 'epauliuc', 'epauliuc@gmail.com', '$2a$10$cDq94RZ6ukgtyh/mYNZWxOEhMyOvjohifGAyD8nSBxRTg6xcYSB5W', 'Eduard', 'Pauliuc', '2001-02-14'),
      (1, 'inegrila', 'inegrila@gmail.com', '$2a$10$UI5dvPjK2xkBS/8E9SpzyOGR2DgnTaCYCH0CebMgWSPgPV3zo9szm', 'Iulia', 'Negrila', '2001-03-14'),
      (1, 'mnutescu', 'mnutescu@gmail.com', '$2a$10$TKAz/9Gl6E1uUsgwBnBs0OD0OV0LrlldM7oHn9pLu0da2L0k/a9qO', 'Maria', 'Nutescu', '2001-03-31'),
      (1, 'lmessi', 'lmessi@gmail.com', '$2a$10$lUVOslPBWX.FmBFKKFhZFu4AEoetbsDLHFl7eent6VmOrhX70NMY.', 'Lionel', 'Messi', '1999-02-15'),
      (1, 'cronaldosuuu', 'cronaldosuuu@gmail.com', '$2a$10$mtTxwtVq2K2y2NrgQ5szrey9cAPY/jIkVvcZ9EQW63fmUUvHnyfmG', 'Cristiano', 'Ronaldo', '1998-03-12'),
      (1, 'mverstappen', 'mverstappen@gmail.com', '$2a$10$RtI0yb5z.ahyKjE/zIRh4uAvCnzrmYjQXiPhUhT7.qgoR9yX.aRXS', 'Max', 'Verstappen', '2000-05-09'),
      (1, 'sperez', 'sperez@gmail.com', '$2a$10$VHMYEW1EtNwQ/jf5Yj2bVuEJGCYMCWvPH4VDpsji.xdFUmKI0jFJO', 'Sergio', 'Perez', '1995-07-09'),
      (1, 'cleclerc', 'cleclerc@gmail.com', '$2a$10$Hzw4cHiRzW0.R0b0bqYkk.PL5R7wO0UBY5IOnD3hnXMc6VR74Qe5i', 'Charles', 'Leclerc', '2000-03-15'),
      (1, 'csainz', 'csainz@gmail.com', '$2a$10$rGY1pjoKdWEwfalVlzCJMOT4Qy2HqybyXIU5TzHw6L/byOPwQzmBK', 'Carlos', 'Sainz', '1997-12-25'),
      (1, 'lhamilton', 'lhamilton@gmail.com', '$2a$10$889gYk0c1D35BYOWH0Zw4enS8AcQnPw9xuI8ohrPDIqG73CK651I2', 'Lewis', 'Hamilton', '1990-12-11'),
      (1, 'grussell', 'grussell@gmail.com', '$2a$10$SaAuv5pM8GYd5nRy47F5XuCV6WH4k3axo/FnFpTBtcpTFN1U23Nam', 'George', 'Russell', '2003-12-11'),
      (1, 'lnorris', 'lnorris@gmail.com', '$2a$10$1TeR9LLmuJwkvqJLMLLa9ON28pgJYxYOm/NjnhS0ZJMZwqsmqd87y', 'Lando', 'Norris', '2002-10-12'),
      (1, 'dricciardo', 'dricciardo@gmail.com', '$2a$10$Z86x8UaNRBic/4PNLPHRDetOMhmPA64aV0HaItKPc7zMyYCsGSbn6', 'Daniel', 'Ricciardo', '1998-03-12'),
      (1, 'lstroll', 'lstroll@gmail.com', '$2a$10$j44wP6ioRwdZP1ujGAWHyuTL27M5S7Hz5.6Rf4Hbo73csJl5D46dm', 'Lance', 'Stroll', '2001-05-06'),
      (1, 'svettel', 'svettel@gmail.com', '$2a$10$z3uahNlVV2MZxDkaFt/flu6Ts/.HMBLRd1o8Auo.w0Ag.lvvTaeoW', 'Sebastian', 'Vettel', '1998-05-06'),
      (1, 'kmag', 'kmag@gmail.com', '$2a$10$ck3b00TFLsqo/vkFJI2kFuebpYdgsD.vvNqAqvwpY73FFKMQcagXW', 'Kevin', 'Magnussen', '1999-03-01'),
      (1, 'mschumacher', 'mschumacher@gmail.com', '$2a$10$dXZR7WFkv0.EhYv1esjSmugr/x08tEnVOjbeURpvSN1vDhyoaKK5O', 'Mick', 'Schumacher', '2002-03-05'),
      (5, 'rborza', 'rborza@gmail.com', '$2a$10$MjRc6nPEos1LrapH/nZX/u1.gQJYDqjSqr6r1qbvYmMtsUco1qIvK', 'Razvan', 'Borza', '1990-03-05'),
      (5, 'ibadarinza', 'ibadarinza@gmail.com', '$2a$10$NcS.bLPhQFqLzruRj5JySeYBRGA/i4fBrKxD0sqqWABcykglMzJy6', 'Ionut', 'Badarinza', '1990-04-06'),
      (5, 'bmursa', 'bmursa@gmail.com', '$2a$10$neMPKcV.gk1iQ.8Zrep5e.hd5dqjPkZz3TQfpvaDl6ef2WrsgLyOu', 'Bogdan', 'Mursa', '1990-01-15'),
      (5, 'lmihaiela', 'lmihaiela@gmail.com', '$2a$10$91Ul5uKB2Kl6i5a55qN6GO/dKeq2FFRQ./rZAKlnDO.Q8jeQlAM7O', 'Mihaiela', 'Lupea', '1970-03-15'),
      (2, 'forest', 'forest@gmail.com', '$2a$10$rpx21wuJVN7hi5FW6VJAlu7CgW57hXlwLe6EGtL0twRjDVH7hA6dy', 'Adrian', 'Sterca', '1990-03-15'),
      (3, 'belvira', 'belvira@gmail.com', '$2a$10$aZGqVPgr.rLcX2/0OEP8je4rKTyHvgOG0d/ZpSE/t8pQDBv6oSCki', 'Elvira', 'Bal', '1979-03-15'),
      (3, 'fcoman', 'fcoman@gmail.com', '$2a$10$yFwBdNXysIT.obMNzzKjoe4o68ghK9FH.xoCiBKybUlc//xB6nH.q', 'Florinel', 'Coman', '1987-02-11');

INSERT INTO migrations.students(account_id, registration_number)
VALUES (3, 's1nBnmHZ7a'),
       (4, 'tbHxQsu50R'),
       (5, 'l1nCCD0kuJ'),
       (6, '9KQQl4GLFa'),
       (7, 'zCQa8X9ges'),
       (8, 'dW0oxi3peT'),
       (9, 'ofEvu78Mn0'),
       (10, 'stiYmkZZUm'),
       (11, 'QPkTou5UEf'),
       (12, 'KnSd0YVyP6'),
       (13, 'bmtQbRy8CR'),
       (14, 'b5rIE1XVkF'),
       (15, 'nrwgjcXDzq'),
       (16, 'oWgLFEeAnt'),
       (17, '10D9nBIACe'),
       (18, 'BS8gIS1iTw'),
       (19, 'cpOFN0IB7Q'),
       (20, 'nmWoA9OZgN'),
       (21, 'UNWRm8X7Xo'),
       (22, 'q3NonouubM');

INSERT INTO migrations.teachers(account_id, title_id)
VALUES (23, 3),
       (24, 2),
       (25, 4),
       (26, 1),
       (27, 3);

INSERT INTO migrations.faculties(name)
VALUES ('Faculty of Mathematics and Computer Science'),
       ('Faculty of Law');

INSERT INTO migrations.staff_members(account_id, faculty_id)
VALUES (28, 1),
       (29, 2);

INSERT INTO migrations.specializations(faculty_id, chief_of_department_id, degree_id, name, study_language, letter_identifier, semesters)
VALUES(1, 25, 2, 'Computer Science - English', 'English', 'A', 6),
      (1, 26, 1, 'Artificial Intelligence', 'Romanian', 'B', 4),
      (2, 23, 2, 'Romanian Law', 'Romanian', 'X', 8),
      (2, 24, 2, 'International Law', 'English', 'Y', 8);

INSERT INTO migrations.courses(specialization_id, name, credits, description, semester_number, is_optional, maximum_students_number)
VALUES (1, 'Fundamental Programming', 6, 'We will study Python', 1, false, NULL),
       (1, 'Computer System Architecture', 6, 'We will work in Assembly and hate our lives', 1, false, NULL),
       (1, 'Algebra', 9, 'We will learn Maths because it is important in Computer Science', 1, false, NULL),
       (1, 'C Programming', 3, 'We will train you to work in C', 1, true, 5),
       (1, 'Fortran Programming', 3, 'You thought LISP was useless?', 1, true, 5),
       (1, 'Operating Systems', 5, 'We will work in Linux', 2, false, NULL),
       (1, 'Data Structures and Algorithms', 6, 'We will construct Data Structures in CPP', 2, false, NULL),
       (1, 'Graph Algorithms', 4, 'We will learn algorithms', 2, false, NULL),
       (1, 'Geometry', 3, 'We continue using the algebra learnt last semester', 2, true, 5),
       (1, 'Dynamical Systems', 3, 'We learn to solve differential equations', 2, true, 5),
       (2, 'Graph Theory', 6, 'We study graphs', 1, false, NULL),
       (2, 'Neural Networks', 6, 'We study neural networks', 1, false, NULL),
       (2, 'Adversary Search', 6, 'We study adversary searches', 1, false, NULL),
       (2, 'Greedy Algorithms', 2, 'We study several greedy algorithms', 1, true, 5),
       (2, 'Convolutional Neural Networks', 3, 'We continue neural networks', 1, true, 5),
       (3, 'General Theory Of Law', 6, 'We study the general theory of law', 1, false, NULL),
       (3, 'Roman Law', 6, 'We study roman law', 1, false, NULL),
       (3, 'Introduction to the Civil Law I', 6, 'We introduce you to civil law', 1, false, NULL),
       (3, 'English I', 3, 'We study English', 1, true, 5),
       (3, 'Sport I', 3, 'We study sport', 1, true, 5),
       (3, 'Introduction to the Civil Law II', 6, 'We continue with the civil law', 2, false, NULL),
       (3, 'Administrative Law', 6, 'We study administrative law', 2, false, NULL),
       (3, 'EU Institutional Law', 6, 'We study EU institutional law', 2, false, NULL),
       (3, 'English II', 3, 'We continue studying English', 2, true, 5),
       (3, 'Sport II', 3, 'We continue studying sport', 2, true, 5),
       (4, 'EU Institutional Law', 6, 'We study EU Institutional law', 1, false, NULL),
       (4, 'Public International Law', 6, 'We study public international law', 1, false, NULL),
       (4, 'Private International Law', 6, 'We study private international law', 1, false, NULL),
       (4, 'Administrative Law', 6, 'We study administrative law', 1, true, 5),
       (4, 'Civil Law', 6, 'We study civil law', 1, true, 5),
       (1, 'Brainf*ck Programming', 3, 'You thought Fortran was useless?', 1, true, 5),
       (1, 'Object-Oriented Programming', 3, 'We learn object oriented programming', 2, true, 5),
       (2, 'Machine Learning Uses', 3, 'We see the uses of machine learning', 1, true, 5),
       (3, 'Private Law I', 3, 'We study private law', 1, true, 5),
       (3, 'Private Law II', 3, 'We continue studying private law', 2, true, 5),
       (4, 'Loopholes', 6, 'We study loopholes in law', 1, true, 5);

INSERT INTO migrations.contracts(student_id, specialization_id, start_date, end_date, semester_number, group_code)
VALUES (3, 1, '2022-02-15', '2022-07-04', 1, null),
       (4, 1, '2022-02-15', '2022-07-04', 1, null),
       (5, 1, '2022-02-15', '2022-07-04', 1, null),
       (6, 1, '2022-02-15', '2022-07-04', 1, null),
       (7, 1, '2022-02-15', '2022-07-04', 1, null),
       (8, 1, '2022-02-15', '2022-07-04', 1, null),
       (9, 1, '2022-02-15', '2022-07-04', 1, null),
       (3, 3, '2022-02-15', '2022-07-04', 1, null),
       (4, 3, '2022-02-15', '2022-07-04', 1, null),
       (5, 3, '2022-02-15', '2022-07-04', 1, null),
       (6, 3, '2022-02-15', '2022-07-04', 1, null),
       (7, 3, '2022-02-15', '2022-07-04', 1, null),
       (8, 3, '2022-02-15', '2022-07-04', 1, null),
       (9, 3, '2022-02-15', '2022-07-04', 1, null),
       (10, 1, '2021-10-01', '2022-02-14', 1, 'A12'),
       (10, 1, '2022-02-15', '2022-07-04', 2, null),
       (11, 1, '2021-10-01', '2022-02-14', 1, 'A13'),
       (11, 1, '2022-02-15', '2022-07-04', 2, null),
       (12, 1, '2021-10-01', '2022-02-14', 1, 'A14'),
       (12, 1, '2022-02-15', '2022-07-04', 2, null),
       (13, 1, '2021-10-01', '2022-02-14', 1, 'A11'),
       (13, 1, '2022-02-15', '2022-07-04', 2, null),
       (14, 1, '2021-10-01', '2022-02-14', 1, 'A11'),
       (14, 1, '2022-02-15', '2022-07-04', 2, null),
       (15, 1, '2021-10-01', '2022-02-14', 1, 'A13'),
       (15, 1, '2022-02-15', '2022-07-04', 2, null),
       (16, 1, '2021-10-01', '2022-02-14', 1, 'A12'),
       (16, 1, '2022-02-15', '2022-07-04', 2, null),
       (10, 3, '2022-02-15', '2022-07-04', 1, null),
       (11, 3, '2022-02-15', '2022-07-04', 1, null),
       (12, 3, '2022-02-15', '2022-07-04', 1, null),
       (13, 3, '2022-02-15', '2022-07-04', 1, null),
       (14, 3, '2022-02-15', '2022-07-04', 1, null),
       (15, 3, '2022-02-15', '2022-07-04', 1, null),
       (16, 3, '2022-02-15', '2022-07-04', 1, null),
       (17, 1, '2022-02-15', '2022-07-04', 1, null),
       (18, 1, '2022-02-15', '2022-07-04', 1, null),
       (19, 1, '2022-02-15', '2022-07-04', 1, null),
       (20, 1, '2022-02-15', '2022-07-04', 1, null),
       (21, 1, '2022-02-15', '2022-07-04', 1, null),
       (22, 1, '2022-02-15', '2022-07-04', 1, null),
       (17, 3, '2021-10-01', '2022-02-14', 1, 'X12'),
       (17, 3, '2022-02-15', '2022-07-04', 2, null),
       (18, 3, '2021-10-01', '2022-02-14', 1, 'X11'),
       (18, 3, '2022-02-15', '2022-07-04', 2, null),
       (19, 3, '2021-10-01', '2022-02-14', 1, 'X11'),
       (19, 3, '2022-02-15', '2022-07-04', 2, null),
       (20, 3, '2021-10-01', '2022-02-14', 1, 'X13'),
       (20, 3, '2022-02-15', '2022-07-04', 2, null),
       (21, 3, '2021-10-01', '2022-02-14', 1, 'X12'),
       (21, 3, '2022-02-15', '2022-07-04', 2, null),
       (22, 3, '2021-10-01', '2022-02-14', 1, 'X13'),
       (22, 3, '2022-02-15', '2022-07-04', 2, null);

INSERT INTO migrations.grades(student_id, course_id, grade)
VALUES (3, 1, null),
       (3, 2, null),
       (3, 3, null),
       (3, 16, null),
       (3, 17, null),
       (3, 18, null),
       (4, 1, null),
       (4, 2, null),
       (4, 3, null),
       (4, 16, null),
       (4, 17, null),
       (4, 18, null),
       (5, 1, null),
       (5, 2, null),
       (5, 3, null),
       (5, 16, null),
       (5, 17, null),
       (5, 18, null),
       (6, 1, null),
       (6, 2, null),
       (6, 3, null),
       (6, 16, null),
       (6, 17, null),
       (6, 18, null),
       (7, 1, null),
       (7, 2, null),
       (7, 3, null),
       (7, 16, null),
       (7, 17, null),
       (7, 18, null),
       (8, 1, null),
       (8, 2, null),
       (8, 3, null),
       (8, 16, null),
       (8, 17, null),
       (8, 18, null),
       (9, 1, null),
       (9, 2, null),
       (9, 3, null),
       (9, 16, null),
       (9, 17, null),
       (9, 18, null),
       (10, 1, 10),
       (10, 2, 5),
       (10, 3, 6),
       (10, 4, 9),
       (10, 5, 10),
       (10, 6, null),
       (10, 7, null),
       (10, 8, null),
       (10, 16, null),
       (10, 17, null),
       (10, 18, null),
       (11, 1, 7),
       (11, 2, 5),
       (11, 3, 9),
       (11, 31, 10),
       (11, 6, null),
       (11, 7, null),
       (11, 8, null),
       (11, 16, null),
       (11, 17, null),
       (11, 18, null),
       (12, 1, 6),
       (12, 2, 5),
       (12, 3, 6),
       (12, 31, 10),
       (12, 6, null),
       (12, 7, null),
       (12, 8, null),
       (12, 16, null),
       (12, 17, null),
       (12, 18, null),
       (13, 1, 10),
       (13, 2, 10),
       (13, 3, 10),
       (13, 4, 10),
       (13, 5, 10),
       (13, 6, null),
       (13, 7, null),
       (13, 8, null),
       (13, 16, null),
       (13, 17, null),
       (13, 18, null),
       (14, 1, 7),
       (14, 2, 8),
       (14, 3, 6),
       (14, 4, 8),
       (14, 5, 10),
       (14, 6, null),
       (14, 7, null),
       (14, 8, null),
       (14, 16, null),
       (14, 17, null),
       (14, 18, null),
       (15, 1, 10),
       (15, 2, 8),
       (15, 3, 8),
       (15, 4, 8),
       (15, 5, 10),
       (15, 6, null),
       (15, 7, null),
       (15, 8, null),
       (15, 16, null),
       (15, 17, null),
       (15, 18, null),
       (16, 1, 10),
       (16, 2, 9),
       (16, 3, 9),
       (16, 4, 9),
       (16, 5, 10),
       (16, 6, null),
       (16, 7, null),
       (16, 8, null),
       (16, 16, null),
       (16, 17, null),
       (16, 18, null),
       (17, 1, null),
       (17, 2, null),
       (17, 3, null),
       (17, 16, 10),
       (17, 17, 6),
       (17, 18, 9),
       (17, 19, 10),
       (17, 20, 10),
       (17, 21, null),
       (17, 22, null),
       (17, 23, null),
       (18, 1, null),
       (18, 2, null),
       (18, 3, null),
       (18, 16, 5),
       (18, 17, 10),
       (18, 18, 7),
       (18, 19, 10),
       (18, 20, 9),
       (18, 21, null),
       (18, 22, null),
       (18, 23, null),
       (19, 1, null),
       (19, 2, null),
       (19, 3, null),
       (19, 16, 5),
       (19, 17, 7),
       (19, 18, 10),
       (19, 19, 6),
       (19, 20, 10),
       (19, 21, null),
       (19, 22, null),
       (19, 23, null),
       (20, 1, null),
       (20, 2, null),
       (20, 3, null),
       (20, 16, 10),
       (20, 17, 10),
       (20, 18, 10),
       (20, 34, 10),
       (20, 21, null),
       (20, 22, null),
       (20, 23, null),
       (21, 1, null),
       (21, 2, null),
       (21, 3, null),
       (21, 16, 5),
       (21, 17, 7),
       (21, 18, 9),
       (21, 19, 7),
       (21, 20, 10),
       (21, 21, null),
       (21, 22, null),
       (21, 23, null),
       (22, 1, null),
       (22, 2, null),
       (22, 3, null),
       (22, 16, 8),
       (22, 17, 9),
       (22, 18, 5),
       (22, 19, 5),
       (22, 20, 9),
       (22, 21, null),
       (22, 22, null),
       (22, 23, null);


INSERT INTO migrations.optional_proposals(specialization_id, teacher_id, status_id, comments, maximum_students_number, credits, description, semester_number, name)
VALUES (1, 23, 2, NULL, 5, 3, 'You will study Deep Learning', 3, 'Deep Learning'),
       (1, 24, 2, NULL, 4, 3, 'You will study Virtual Reality', 3, 'Virtual Reality'),
       (2, 25, 2, NULL, 4, 3, 'You will study Machine Learning', 2, 'Machine Learning'),
       (3, 26, 2, NULL, 3, 3, 'You will study cases that went awry', 3, 'Badly Handled Cases'),
       (3, 27, 2, NULL, 2, 3, 'You will study the Constitution', 3, 'Consitutional Law'),
       (4, 23, 2, NULL, 2, 3, 'You will study the US Constitution', 1, 'US Consitutional Law');

INSERT INTO migrations.optional_preferences(student_id, course_id, rank)
 VALUES (3, 31, 1),
		(3, 4, 2),
		(3, 5, 3),
		(3, 34, 1),
		(3, 19, 2),
		(3, 20, 3),
		(4, 4, 1),
		(4, 5, 2),
		(4, 31, 3),
		(4, 20, 1),
		(4, 19, 2),
		(4, 34, 3),
		(5, 4, 1),
		(5, 31, 2),
		(5, 5, 3),
		(5, 34, 1),
		(5, 20, 2),
		(5, 19, 3),
		(6, 31, 1),
		(6, 5, 2),
		(6, 4, 3),
		(6, 34, 1),
		(6, 20, 2),
		(6, 19, 3),
		(7, 31, 1),
		(7, 5, 2),
		(7, 4, 3),
		(7, 20, 1),
		(7, 19, 2),
		(7, 34, 3),
		(8, 5, 1),
		(8, 4, 2),
		(8, 31, 3),
		(8, 34, 1),
		(8, 19, 2),
		(8, 20, 3),
		(9, 31, 1),
		(9, 4, 2),
		(9, 5, 3),
		(9, 19, 1),
		(9, 20, 2),
		(9, 34, 3),
		(10, 10, 1),
		(10, 9, 2),
		(10, 32, 3),
		(10, 19, 1),
		(10, 20, 2),
		(10, 34, 3),
		(11, 9, 1),
		(11, 32, 2),
		(11, 10, 3),
		(11, 20, 1),
		(11, 34, 2),
		(11, 19, 3),
		(12, 9, 1),
		(12, 32, 2),
		(12, 10, 3),
		(12, 34, 1),
		(12, 20, 2),
		(12, 19, 3),
		(13, 9, 1),
		(13, 32, 2),
		(13, 10, 3),
		(13, 34, 1),
		(13, 20, 2),
		(13, 19, 3),
		(14, 9, 1),
		(14, 32, 2),
		(14, 10, 3),
		(14, 34, 1),
		(14, 19, 2),
		(14, 20, 3),
		(15, 10, 1),
		(15, 9, 2),
		(15, 32, 3),
		(15, 34, 1),
		(15, 19, 2),
		(15, 20, 3),
		(16, 10, 1),
		(16, 32, 2),
		(16, 9, 3),
		(16, 19, 1),
		(16, 34, 2),
		(16, 20, 3),
		(17, 5, 1),
		(17, 4, 2),
		(17, 31, 3),
		(17, 25, 1),
		(17, 35, 2),
		(17, 24, 3),
		(18, 4, 1),
		(18, 31, 2),
		(18, 5, 3),
		(18, 25, 1),
		(18, 24, 2),
		(18, 35, 3),
		(19, 31, 1),
		(19, 4, 2),
		(19, 5, 3),
		(19, 25, 1),
		(19, 35, 2),
		(19, 24, 3),
		(20, 31, 1),
		(20, 4, 2),
		(20, 5, 3),
		(20, 25, 1),
		(20, 35, 2),
		(20, 24, 3),
		(21, 31, 1),
		(21, 4, 2),
		(21, 5, 3),
		(21, 25, 1),
		(21, 24, 2),
		(21, 35, 3),
		(22, 31, 1),
		(22, 4, 2),
		(22, 5, 3),
		(22, 25, 1),
		(22, 24, 2),
		(22, 35, 3);

INSERT INTO migrations.teacher_courses(teacher_id, course_id)
VALUES (23, 3),
       (24, 6),
       (25, 16),
       (26, 21),
       (24, 2),
       (23, 5),
       (23, 1),
       (24, 4),
       (25, 7),
       (26, 8),
       (27, 9),
       (23, 10),
       (24, 11),
       (25, 12),
       (26, 13),
       (27, 14),
       (23, 15),
       (24, 17),
       (25, 18),
       (26, 19),
       (27, 20),
       (23, 22),
       (24, 23),
       (25, 24),
       (26, 25),
       (27, 26),
       (23, 27),
       (24, 28),
       (25, 29),
       (26, 30),
       (27, 31),
       (23, 32),
       (24, 33),
       (25, 34),
       (26, 35),
       (27, 36);
